{
  "feature_order": [
    "TOUCH_TIME",
    "SHOT_CLOCK",
    "SHOT_DIST",
    "CLOSE_DEF_DIST",
    "DRIBBLES",
    "PLAYER_SKILL"
  ],
  "global_mean": 0.45649638919007385,
  "player_skill": {
    "aaron brooks": 0.42488262910798125,
    "aaron gordon": 0.5443037974683544,
    "al farouq aminu": 0.42028985507246375,
    "al horford": 0.5612431444241316,
    "al jefferson": 0.4714285714285714,
    "alan anderson": 0.4200743494423792,
    "alan crabbe": 0.38461538461538464,
    "alex len": 0.5462555066079295,
    "alexis ajinca": 0.5875,
    "alonzo gee": 0.46464646464646464,
    "amare stoudemire": 0.5573122529644269,
    "amir johnson": 0.5759493670886076,
    "andre drummond": 0.5145631067961165,
    "andre iguodala": 0.46303501945525294,
    "andre miller": 0.5648854961832062,
    "andre roberson": 0.4580152671755725,
    "andrew bogut": 0.5736040609137056,
    "andrew wiggins": 0.43898573692551507,
    "anthony bennett": 0.4158878504672897,
    "anthony davis": 0.5513428120063191,
    "anthony morrow": 0.45180722891566266,
    "aron baynes": 0.5706806282722513,
    "arron afflalo": 0.43308550185873607,
    "avery bradley": 0.42931034482758623,
    "ben gordon": 0.45544554455445546,
    "ben mclemore": 0.42637362637362636,
    "beno urdih": 0.4868913857677903,
    "bismack biyombo": 0.5795454545454546,
    "blake griffin": 0.49507735583684953,
    "bojan bogdanovic": 0.43018867924528303,
    "boris diaw": 0.4526627218934911,
    "bradley beal": 0.4055299539170507,
    "brandon bass": 0.46831955922865015,
    "brandon jennings": 0.3975609756097561,
    "brandon knight": 0.4267515923566879,
    "brian roberts": 0.4329896907216495,
    "brook lopez": 0.4979919678714859,
    "carl landry": 0.5213270142180095,
    "carlos boozer": 0.5096153846153846,
    "carmelo anthony": 0.42,
    "caron butler": 0.39662447257383965,
    "chandler parsons": 0.4700193423597679,
    "channing frye": 0.3944099378881988,
    "charlie villanueva": 0.45251396648044695,
    "chase budinger": 0.375886524822695,
    "chris andersen": 0.5727272727272728,
    "chris bosh": 0.46153846153846156,
    "chris copeland": 0.3788546255506608,
    "chris kaman": 0.49244712990936557,
    "chris paul": 0.4985207100591716,
    "cj mccollum": 0.39849624060150374,
    "cj miles": 0.3838383838383838,
    "cj watson": 0.4532710280373832,
    "cody zeller": 0.4729241877256318,
    "cole aldrich": 0.4861111111111111,
    "cory joseph": 0.5365853658536586,
    "courtney lee": 0.5029411764705882,
    "damian lillard": 0.42276422764227645,
    "damjan rudez": 0.4041095890410959,
    "danilo gallinai": 0.375968992248062,
    "danny green": 0.41586538461538464,
    "dante cunningham": 0.46113989637305697,
    "dante exum": 0.3393665158371041,
    "darrell arthur": 0.4291044776119403,
    "darren collison": 0.4813895781637717,
    "david west": 0.47354497354497355,
    "deandre jordan": 0.732484076433121,
    "demarcus cousins": 0.45990180032733224,
    "demarre carroll": 0.47129909365558914,
    "dennis schroder": 0.4434782608695652,
    "deron williams": 0.38,
    "derrick favors": 0.5359848484848485,
    "derrick rose": 0.40809443507588533,
    "derrick williams": 0.462882096069869,
    "devin harris": 0.39197530864197533,
    "dirk nowtizski": 0.4742765273311897,
    "dj augustin": 0.4094292803970223,
    "donald sloan": 0.42083333333333334,
    "donatas motiejunas": 0.5021367521367521,
    "draymond green": 0.41435185185185186,
    "dwayne wade": 0.4794007490636704,
    "dwight howard": 0.5797665369649806,
    "ed davis": 0.6462264150943396,
    "elfrid payton": 0.3972602739726027,
    "enes kanter": 0.518,
    "eric bledsoe": 0.4568106312292359,
    "evan fournier": 0.45794392523364486,
    "evan turner": 0.42587601078167114,
    "garrett temple": 0.3949579831932773,
    "gary neal": 0.37606837606837606,
    "gerald green": 0.41935483870967744,
    "gerald henderson": 0.43648960739030024,
    "giannis antetokounmpo": 0.48872180451127817,
    "glen davis": 0.4580152671755725,
    "goran dragic": 0.4957118353344768,
    "gordon hayward": 0.4552352048558422,
    "gorgui dieng": 0.5159235668789809,
    "greg monroe": 0.5062836624775583,
    "greg smith": 0.6666666666666666,
    "greivis vasquez": 0.39705882352941174,
    "harrison barnes": 0.49453551912568305,
    "hedo turkoglu": 0.4642857142857143,
    "henry sims": 0.47987616099071206,
    "hollis thompson": 0.4230769230769231,
    "isaiah thomas": 0.42398286937901497,
    "jakarr sampson": 0.4444444444444444,
    "jamal crawford": 0.3913793103448276,
    "james ennis": 0.4214876033057851,
    "james harden": 0.44554455445544555,
    "james johnson": 0.6059322033898306,
    "jared dudley": 0.49122807017543857,
    "jared sullinger": 0.45294117647058824,
    "jarrett jack": 0.47161572052401746,
    "jason maxiell": 0.4368932038834951,
    "jason smith": 0.4501510574018127,
    "jason terry": 0.42748091603053434,
    "jason thompson": 0.4692982456140351,
    "jeff green": 0.4375,
    "jeff teague": 0.4688128772635815,
    "jerami grant": 0.36875,
    "jeremy lamb": 0.43859649122807015,
    "jeremy lin": 0.43333333333333335,
    "jerome jordan": 0.6190476190476191,
    "jerryd bayless": 0.4318181818181818,
    "jimmer dredette": 0.4,
    "jimmy butler": 0.4557823129251701,
    "jj hickson": 0.47244094488188976,
    "jj redick": 0.46124031007751937,
    "joakim noah": 0.4312267657992565,
    "joe harris": 0.425,
    "joe johnson": 0.44768439108061747,
    "joey dorsey": 0.5277777777777778,
    "john henson": 0.5901639344262295,
    "john wall": 0.4634146341463415,
    "jon ingles": 0.42105263157894735,
    "jon leuer": 0.40932642487046633,
    "jonas jerebko": 0.4406779661016949,
    "jonas valanciunas": 0.5564304461942258,
    "jordan farmar": 0.3416666666666667,
    "jordan hill": 0.46987951807228917,
    "jose calderon": 0.4128113879003559,
    "jose juan barea": 0.4341317365269461,
    "jrue holiday": 0.4396984924623116,
    "jusuf nurkic": 0.4608695652173913,
    "kawhi leonard": 0.4481012658227848,
    "kelly olynyk": 0.5234375,
    "kemba walker": 0.41941747572815535,
    "kendrick perkins": 0.43037974683544306,
    "kenneth faried": 0.5067750677506775,
    "kent bazemore": 0.45625,
    "kentavious caldwell-pope": 0.3992248062015504,
    "kevin garnett": 0.4585152838427948,
    "kevin love": 0.4266666666666667,
    "kevin seraphin": 0.4962121212121212,
    "khris middleton": 0.4771084337349398,
    "kirk hinrich": 0.3346774193548387,
    "kj mcdaniels": 0.38461538461538464,
    "klay thompson": 0.4497354497354497,
    "kobe bryant": 0.39015151515151514,
    "kosta koufos": 0.5,
    "kostas papanikolaou": 0.3560606060606061,
    "kris humphries": 0.4840764331210191,
    "kyle korver": 0.4835164835164835,
    "kyle lowry": 0.4333821376281113,
    "kyle oquinn": 0.5119047619047619,
    "kyle singler": 0.3908450704225352,
    "kyrie irving": 0.4786666666666667,
    "lamarcus aldridge": 0.44030808729139925,
    "lance stephenson": 0.3425076452599388,
    "lavoy allen": 0.48,
    "leandro barbosa": 0.4517766497461929,
    "lebron james": 0.49395973154362416,
    "lou williams": 0.4251012145748988,
    "luc mbah a moute": 0.42118863049095606,
    "luis scola": 0.47282608695652173,
    "luke babbitt": 0.48333333333333334,
    "luol deng": 0.4889380530973451,
    "manu ginobili": 0.41025641025641024,
    "marc gasol": 0.4867986798679868,
    "marcin gortat": 0.55125284738041,
    "marco belinelli": 0.4691358024691358,
    "marcus morris": 0.4665012406947891,
    "marcus smart": 0.37872340425531914,
    "marcus thornton": 0.4156378600823045,
    "mario chalmers": 0.43828715365239296,
    "markieff morris": 0.4695121951219512,
    "marreese speights": 0.5202020202020202,
    "marvin williams": 0.4103585657370518,
    "mason plumlee": 0.6077170418006431,
    "matt barnes": 0.46438746438746437,
    "matt bonner": 0.41509433962264153,
    "matthew dellavedova": 0.37423312883435583,
    "michael carter-williams": 0.3917525773195876,